{"cameraMode":{"drawMode":0,"name":"Shaded","section":"Shading Mode"},"sceneLighting":true,"audioPlay":false,"sceneViewState":{"m_AlwaysRefresh":false,"showFog":true,"showSkybox":false,"showFlares":true,"showImageEffects":true,"showParticleSystems":true,"showVisualEffectGraphs":true,"m_FxEnabled":true},"in2DMode":false,"pivot":{"x":-1.3598418235778809,"y":2.9026236534118654,"z":-17.184932708740236},"rotation":{"x":0.4267132580280304,"y":-0.051180701702833179,"z":0.02433997206389904,"w":0.9026699066162109},"size":0.8660253882408142,"orthographic":false}